"EA-Type"	"EA-Package"	"EA-Name"	"EA-GUID"	"EA-Parent"	"EA-Domain"	"EA-Domain-GUID"	"EA-Range"	"label"	"definition"	"usage"	"ap-label-nl"	"ap-definition-nl"	"ap-usageNote-nl"	"ap-codelist"	"external term"	"namespace"	"localname"	"type"	"domain"	"range"	"parent"	"min card"	"max card"
"Package"	""	"OSLO-Aarding"	"{2B13B3EA-0869-40b9-842C-E1548C90F0D9}"	""	""	""	""	""	""	""	""	""	""	""	""	"http://"	"fixme.com"	"http://www.w3.org/2002/07/owl#Ontology"	""	""	""	""	""
"CLASS"	"OSLO-Onderdeel"	"Aardingslus"	"{AF368246-F5A1-4554-93C3-929A4D8C22C7}"	""	""	""	""	"Aardingslus"	"Een koperen geleider die onder de fundering van een gebouw de contouren van het te aarden gebouw volgt. De lus vertrekt en komt aan op de aardingsonderbreker."	""	"Aardingslus"	"Een koperen geleider die onder de fundering van een gebouw de contouren van het te aarden gebouw volgt. De lus vertrekt en komt aan op de aardingsonderbreker."	""	""	"true"	"https://wegenenverkeer-test.data.vlaanderen.be/ns/onderdeel#"	"Aardingslus"	"http://www.w3.org/2000/01/rdf-schema#Class"	""	""	"https://wegenenverkeer-test.data.vlaanderen.be/ns/implementatieelement#AIMNaamObject, https://wegenenverkeer-test.data.vlaanderen.be/ns/abstracten#KabelAarding, https://wegenenverkeer-test.data.vlaanderen.be/ns/abstracten#KabelAardingSamenstelling"	""	""
"CLASS"	"OSLO-Onderdeel"	"Aardingskabel"	"{528E3742-F760-4bf0-8A5F-74E10B3D7704}"	""	""	""	""	"Aardingskabel"	"Een aardingskabel is een geleidende verbinding, typisch uit koper, die ervoor zorgt dat een ongewenste elektrische stroom (foutstroom) op een installatie naar de aarde kan afgeleid worden."	"Dit type verwijst naar een kabel die enkel de aarding als functie heeft en niet de geel-groene draad in een voedingskabel. Die laatste maakt impliciet deel uit van de voedingskabel."	"Aardingskabel"	"Een aardingskabel is een geleidende verbinding, typisch uit koper, die ervoor zorgt dat een ongewenste elektrische stroom (foutstroom) op een installatie naar de aarde kan afgeleid worden."	""	""	"true"	"https://wegenenverkeer-test.data.vlaanderen.be/ns/onderdeel#"	"Aardingskabel"	"http://www.w3.org/2000/01/rdf-schema#Class"	""	""	"https://wegenenverkeer-test.data.vlaanderen.be/ns/implementatieelement#AIMNaamObject, https://wegenenverkeer-test.data.vlaanderen.be/ns/abstracten#KabelAarding, https://wegenenverkeer-test.data.vlaanderen.be/ns/abstracten#KabelAardingSamenstelling"	""	""
"CLASS"	"OSLO-Onderdeel"	"EquipotentiaalVerbinding"	"{934B51FF-2196-42b8-A270-340048A0D384}"	""	""	""	""	"Equipotentiaal verbinding"	"Een equipotentiaal verbinding, ook wel equipotentiaalgeleider genoemd, voorziet de galvanische verbinding van een metalen object, dat in normale toestand niet stroomvoerend is, met het aardingsstelsel. Deze verbinding mag als aardingsgeleider derhalve nooit verbroken worden."	""	"Equipotentiaal verbinding"	"Een equipotentiaal verbinding, ook wel equipotentiaalgeleider genoemd, voorziet de galvanische verbinding van een metalen object, dat in normale toestand niet stroomvoerend is, met het aardingsstelsel. Deze verbinding mag als aardingsgeleider derhalve nooit verbroken worden."	""	""	"true"	"https://wegenenverkeer-test.data.vlaanderen.be/ns/onderdeel#"	"EquipotentiaalVerbinding"	"http://www.w3.org/2000/01/rdf-schema#Class"	""	""	"https://wegenenverkeer-test.data.vlaanderen.be/ns/implementatieelement#AIMNaamObject"	""	""
"CLASS"	"OSLO-Onderdeel"	"Aardingsonderbreker"	"{9F23E00C-42A4-4a9b-9DDB-7C3E3099EAD7}"	""	""	""	""	"Aardingsonderbreker"	"De verbindingsklem waarop de aardgeleider(s), de hoofdbeschermingsgeleider(s), en de hoofdequipotentiaalgeleider(s) toekomen. Het gaat om een T-vormige klem, waarbij de functie van meetklem en hoofdaardingsklem wordt gecombineerd."	""	"Aardingsonderbreker"	"De verbindingsklem waarop de aardgeleider(s), de hoofdbeschermingsgeleider(s), en de hoofdequipotentiaalgeleider(s) toekomen. Het gaat om een T-vormige klem, waarbij de functie van meetklem en hoofdaardingsklem wordt gecombineerd."	""	""	"true"	"https://wegenenverkeer-test.data.vlaanderen.be/ns/onderdeel#"	"Aardingsonderbreker"	"http://www.w3.org/2000/01/rdf-schema#Class"	""	""	"https://wegenenverkeer-test.data.vlaanderen.be/ns/implementatieelement#AIMNaamObject"	""	""
"CLASS"	"OSLO-Onderdeel"	"Aardingspen"	"{77983553-F4D5-4ad2-A300-FF4683FF34C5}"	""	""	""	""	"Aardingspen"	"De aardingspen is het deel van de aardingsinstallatie dat in direct contact staat met de grond / de aarde."	""	"Aardingspen"	"De aardingspen is het deel van de aardingsinstallatie dat in direct contact staat met de grond / de aarde."	""	""	"true"	"https://wegenenverkeer-test.data.vlaanderen.be/ns/onderdeel#"	"Aardingspen"	"http://www.w3.org/2000/01/rdf-schema#Class"	""	""	"https://wegenenverkeer-test.data.vlaanderen.be/ns/implementatieelement#AIMNaamObject, https://wegenenverkeer-test.data.vlaanderen.be/ns/abstracten#KabelAardingSamenstelling"	""	""
"CLASS"	"OSLO-Installatie"	"Aardingsinstallatie"	"{F5C4300F-498E-46a1-809B-BE616B63481E}"	""	""	""	""	"Aardingsinstallatie"	"Een galvanische verbinding van een elektrische installatie met de aarde. De elektrische installatie die op deze wijze met de aarde wordt verbonden krijgt een spanning van nul volt."	""	"Aardingsinstallatie"	"Een galvanische verbinding van een elektrische installatie met de aarde. De elektrische installatie die op deze wijze met de aarde wordt verbonden krijgt een spanning van nul volt."	""	""	"true"	"https://wegenenverkeer-test.data.vlaanderen.be/ns/installatie#"	"Aardingsinstallatie"	"http://www.w3.org/2000/01/rdf-schema#Class"	""	""	"https://wegenenverkeer-test.data.vlaanderen.be/ns/implementatieelement#AIMNaamObject"	""	""
"CLASS"	"OSLO-Implementatieelement"	"AIMNaamObject"	"{D59E256E-CE07-4237-8AA7-1787263D9B99}"	""	""	""	""	"AIM naam object"	"Abstracte als de basisklasse voor elk OTL object dat benoemd wordt met een mensleesbare identificator."	""	"AIM naam object"	"Abstracte als de basisklasse voor elk OTL object dat benoemd wordt met een mensleesbare identificator."	""	""	"true"	"https://wegenenverkeer-test.data.vlaanderen.be/ns/implementatieelement#"	"AIMNaamObject"	"http://www.w3.org/2000/01/rdf-schema#Class"	""	""	"https://wegenenverkeer-test.data.vlaanderen.be/ns/implementatieelement#AIMObject"	""	""
"CLASS"	"OSLO-Implementatieelement"	"AIMObject"	"{1944BCBC-71F3-4d6b-BE2C-8277E513063B}"	""	""	""	""	"AIM object"	"Abstracte als de basisklasse voor alle uniek geïdentificeerde OTL objecten met de basiseigenschappen die elk OTL object minstens heeft."	""	"AIM object"	"Abstracte als de basisklasse voor alle uniek geïdentificeerde OTL objecten met de basiseigenschappen die elk OTL object minstens heeft."	""	""	"true"	"https://wegenenverkeer-test.data.vlaanderen.be/ns/implementatieelement#"	"AIMObject"	"http://www.w3.org/2000/01/rdf-schema#Class"	""	""	"https://wegenenverkeer-test.data.vlaanderen.be/ns/implementatieelement#AIMToestand, https://wegenenverkeer-test.data.vlaanderen.be/ns/implementatieelement#AIMDBStatus"	""	""
"CLASS"	"OSLO-Implementatieelement"	"AIMToestand"	"{56AB9E47-A0BF-4e08-8CA5-0A50FB16E659}"	""	""	""	""	"AIM Toestand"	"Voegt een attribuut toe aan de subklasse dat de huidige stand in de levenscyclus van het object aangeeft."	""	"AIM Toestand"	"Voegt een attribuut toe aan de subklasse dat de huidige stand in de levenscyclus van het object aangeeft."	""	""	"true"	"https://wegenenverkeer-test.data.vlaanderen.be/ns/implementatieelement#"	"AIMToestand"	"http://www.w3.org/2000/01/rdf-schema#Class"	""	""	""	""	""
"CLASS"	"OSLO-Implementatieelement"	"AIMDBStatus"	"{0316AD39-D9FC-435c-8260-8E166A969FA4}"	""	""	""	""	"AIM databank status"	"Voegt een attribuut toe aan de subklasse dat aangeeft of de asset zichtbaar is in de databank of (zacht) verwijderd is."	""	"AIM databank status"	"Voegt een attribuut toe aan de subklasse dat aangeeft of de asset zichtbaar is in de databank of (zacht) verwijderd is."	""	""	"true"	"https://wegenenverkeer-test.data.vlaanderen.be/ns/implementatieelement#"	"AIMDBStatus"	"http://www.w3.org/2000/01/rdf-schema#Class"	""	""	""	""	""
"CLASS"	"OSLO-Abstracten"	"KabelAarding"	"{FE7968A1-20C6-4c5b-AD4C-D3CBE750996A}"	""	""	""	""	"Kabelmantel"	"Abstracte voor eigenschappen van verschillende types kabel gebruikt voor aardingen"	""	"Kabelmantel"	"Abstracte voor eigenschappen van verschillende types kabel gebruikt voor aardingen"	""	""	"true"	"https://wegenenverkeer-test.data.vlaanderen.be/ns/abstracten#"	"KabelAarding"	"http://www.w3.org/2000/01/rdf-schema#Class"	""	""	""	""	""
"CLASS"	"OSLO-Abstracten"	"KabelAardingSamenstelling"	"{E874BB76-8CB8-458b-8A35-203AB6117606}"	""	""	""	""	"Kabelmantel"	"Abstracte voor eigenschappen van verschillende types kabel gebruikt voor aardingen"	""	"Kabelmantel"	"Abstracte voor eigenschappen van verschillende types kabel gebruikt voor aardingen"	""	""	"true"	"https://wegenenverkeer-test.data.vlaanderen.be/ns/abstracten#"	"KabelAardingSamenstelling"	"http://www.w3.org/2000/01/rdf-schema#Class"	""	""	""	""	""
"DATATYPE"	"W3-XML-Schema"	"String"	"{9154C721-7D7C-4c11-8FBF-C56FAEF9A4DA}"	""	""	""	""	"String"	"Beschrijft een tekstregel volgens http://www.w3.org/2001/XMLSchema#string."	"https://www.w3.org/TR/xmlschema-2/#string"	"String"	"Beschrijft een tekstregel volgens http://www.w3.org/2001/XMLSchema#string."	""	""	"true"	"http://www.w3.org/2001/XMLSchema#"	"string"	"http://www.w3.org/2000/01/rdf-schema#Class"	""	""	""	""	""
"DATATYPE"	"OSLO-Implementatieelement"	"DtcIdentificator"	"{0A270AE5-3C56-44b7-8B06-DBC66BD6EB66}"	""	""	""	""	"Identificator"	"Complex datatype voor de identificator van een AIM object volgens de bron van de identificator."	""	"Identificator"	"Complex datatype voor de identificator van een AIM object volgens de bron van de identificator."	""	""	"true"	"https://wegenenverkeer-test.data.vlaanderen.be/ns/implementatieelement#"	"DtcIdentificator"	"http://www.w3.org/2000/01/rdf-schema#Class"	""	""	""	""	""
"DATATYPE"	"W3-XML-Schema"	"AnyURI"	"{720ACC1F-344F-43bb-9B65-5467749150DD}"	""	""	""	""	"URI"	"Een tekstwaarde die een verwijzing naar meer informatie van het element bevat volgens http://www.w3.org/2001/XMLSchema#anyURI ."	"https://www.w3.org/TR/xmlschema-2/#anyURI"	"URI"	"Een tekstwaarde die een verwijzing naar meer informatie van het element bevat volgens http://www.w3.org/2001/XMLSchema#anyURI ."	""	""	"true"	"http://www.w3.org/2001/XMLSchema#"	"anyURI"	"http://www.w3.org/2000/01/rdf-schema#Class"	""	""	""	""	""
"DATATYPE"	"OSLO-Implementatieelement"	"KwantWrdInMaand"	"{990EC4F9-55FF-4c9b-A8FC-BD28BA132D95}"	""	""	""	""	"Kwantitatieve waarde in maand"	"Een kwantitatieve waarde die een getal in aantal maanden uitdrukt."	""	"Kwantitatieve waarde in maand"	"Een kwantitatieve waarde die een getal in aantal maanden uitdrukt."	""	""	"true"	"https://wegenenverkeer-test.data.vlaanderen.be/ns/implementatieelement#"	"KwantWrdInMaand"	"http://www.w3.org/2000/01/rdf-schema#Class"	""	""	""	""	""
"DATATYPE"	"W3-XML-Schema"	"NonNegativeInteger"	"{6B501216-6BB3-416b-8B5E-C532CB6FC474}"	""	""	""	""	"Natuurlijk getal"	"Beschrijft een natuurlijk getal volgens http://www.w3.org/2001/XMLSchema#nonNegativeInteger."	"https://www.w3.org/TR/xmlschema-2/#nonNegativeInteger"	"Natuurlijk getal"	"Beschrijft een natuurlijk getal volgens http://www.w3.org/2001/XMLSchema#nonNegativeInteger."	""	""	"true"	"http://www.w3.org/2001/XMLSchema#"	"nonNegativeInteger"	"http://www.w3.org/2000/01/rdf-schema#Class"	""	""	""	""	""
"DATATYPE"	"W3-RDF-Schema"	"Literal"	"{FBE7CE2F-907F-4558-A0CE-70C0A8A6AA32}"	""	""	""	""	"Literal"	"Beschrijft een constante."	"http://www.w3.org/2000/01/rdf-schema#Literal"	"Literal"	"Beschrijft een constante."	""	""	"true"	"http://www.w3.org/2000/01/rdf-schema#"	"Literal"	"http://www.w3.org/2000/01/rdf-schema#Class"	""	""	""	""	""
"DATATYPE"	"W3-XML-Schema"	"Date"	"{518CF17E-69E2-4b04-BFC0-208BB4C618A2}"	""	""	""	""	"Datum"	"Beschrijft een datum volgens http://www.w3.org/2001/XMLSchema#date."	"https://www.w3.org/TR/xmlschema-2/#date"	"Datum"	"Beschrijft een datum volgens http://www.w3.org/2001/XMLSchema#date."	""	""	"true"	"http://www.w3.org/2001/XMLSchema#"	"date"	"http://www.w3.org/2000/01/rdf-schema#Class"	""	""	""	""	""
"DATATYPE"	"W3-XML-Schema"	"Boolean"	"{C66810D0-4F93-4948-83F5-165137DEBF82}"	""	""	""	""	"Boolean"	"Beschrijft een boolean volgens http://www.w3.org/2001/XMLSchema#boolean."	"https://www.w3.org/TR/xmlschema-2/#boolean"	"Boolean"	"Beschrijft een boolean volgens http://www.w3.org/2001/XMLSchema#boolean."	""	""	"true"	"http://www.w3.org/2001/XMLSchema#"	"boolean"	"http://www.w3.org/2000/01/rdf-schema#Class"	""	""	""	""	""
"DATATYPE"	"OSLO-Implementatieelement"	"KwantWrdInMillimeter"	"{AE04A0C4-258A-4401-B823-305832B572AC}"	""	""	""	""	"Kwantitatieve waarde in millimeter"	"Een kwantitatieve waarde die een getal in millimeter uitdrukt."	""	"Kwantitatieve waarde in millimeter"	"Een kwantitatieve waarde die een getal in millimeter uitdrukt."	""	""	"true"	"https://wegenenverkeer-test.data.vlaanderen.be/ns/implementatieelement#"	"KwantWrdInMillimeter"	"http://www.w3.org/2000/01/rdf-schema#Class"	""	""	""	""	""
"DATATYPE"	"W3-XML-Schema"	"Decimal"	"{3300D9AD-B706-43fe-B750-0EB2D8679F90}"	""	""	""	""	"Decimaal getal"	"Beschrijft een decimaal getal volgens http://www.w3.org/2001/XMLSchema#decimal."	"https://www.w3.org/TR/xmlschema-2/#decimal"	"Decimaal getal"	"Beschrijft een decimaal getal volgens http://www.w3.org/2001/XMLSchema#decimal."	""	""	"true"	"http://www.w3.org/2001/XMLSchema#"	"decimal"	"http://www.w3.org/2000/01/rdf-schema#Class"	""	""	""	""	""
"DATATYPE"	"OSLO-Implementatieelement"	"KwantWrdInCentimeter"	"{4EDCC34B-4D09-4eac-9B1C-78B67973D1B1}"	""	""	""	""	"Kwantitatieve waarde in centimeter"	"Een kwantitatieve waarde die een getal in centimeter uitdrukt."	""	"Kwantitatieve waarde in centimeter"	"Een kwantitatieve waarde die een getal in centimeter uitdrukt."	""	""	"true"	"https://wegenenverkeer-test.data.vlaanderen.be/ns/implementatieelement#"	"KwantWrdInCentimeter"	"http://www.w3.org/2000/01/rdf-schema#Class"	""	""	""	""	""
"DATATYPE"	"OSLO-Installatie"	"DtcAardingsstelsel"	"{A53A6A8D-E3DF-4172-AE29-9DBD83A5C2A1}"	""	""	""	""	"Aardingsstelsel details."	"Complex datatype dat het mogelijk maakt om het attest van de distributienetbeheerder toe te voegen in het geval van een globaal aardingsstelsel."	"Het attest is enkel vereist voor globale aardingsstelsels. Voor gescheiden aardinsstelsel kanhet attribuut attestDNB leeg blijven."	"Aardingsstelsel details."	"Complex datatype dat het mogelijk maakt om het attest van de distributienetbeheerder toe te voegen in het geval van een globaal aardingsstelsel."	""	""	"true"	"https://wegenenverkeer-test.data.vlaanderen.be/ns/installatie#"	"DtcAardingsstelsel"	"http://www.w3.org/2000/01/rdf-schema#Class"	""	""	""	""	""
"DATATYPE"	"OSLO-Implementatieelement"	"DtcDocument"	"{441527E2-4B20-4bca-899E-9DC151A2A981}"	""	""	""	""	"Bestandsbijlage"	"Complex datatype voor alle bestandsbijlages."	""	"Bestandsbijlage"	"Complex datatype voor alle bestandsbijlages."	""	""	"true"	"https://wegenenverkeer-test.data.vlaanderen.be/ns/implementatieelement#"	"DtcDocument"	"http://www.w3.org/2000/01/rdf-schema#Class"	""	""	""	""	""
"DATATYPE"	"OSLO-Implementatieelement"	"DteTekstblok"	"{E5E67991-BD15-468d-A90F-26B3A0821EF1}"	""	""	""	""	"Tekstblok"	"Een tekst welke uit meerdere zinnen bestaat, en ook regeleindes kan bevatten. Een tekstblok bevat maximaal 65.000 karakters."	""	"Tekstblok"	"Een tekst welke uit meerdere zinnen bestaat, en ook regeleindes kan bevatten. Een tekstblok bevat maximaal 65.000 karakters."	""	""	"true"	"https://wegenenverkeer-test.data.vlaanderen.be/ns/implementatieelement#"	"DteTekstblok"	"http://www.w3.org/2000/01/rdf-schema#Class"	""	""	""	""	""
"DATATYPE"	"OSLO-Implementatieelement"	"KwantWrdInOhm"	"{2DE9C1CE-5E58-452d-AEA3-A3B834433C8E}"	""	""	""	""	"Kwantitatieve waarde in ohm"	"Een kwantitatieve waarde die een getal in ohm."	""	"Kwantitatieve waarde in ohm"	"Een kwantitatieve waarde die een getal in ohm."	""	""	"true"	"https://wegenenverkeer-test.data.vlaanderen.be/ns/implementatieelement#"	"KwantWrdInOhm"	"http://www.w3.org/2000/01/rdf-schema#Class"	""	""	""	""	""
"ENUMERATION"	"OSLO-Implementatieelement"	"KlAIMToestand"	"{116A7402-0B65-494f-933A-3BA3C29AB511}"	""	""	""	""	"AIM toestand"	"Keuzelijst met fasen uit de levenscyclus van een object om de toestand op een moment mee vast te leggen."	""	"AIM toestand"	"Keuzelijst met fasen uit de levenscyclus van een object om de toestand op een moment mee vast te leggen."	""	"https://wegenenverkeer-test.data.vlaanderen.be/id/conceptscheme/KlAIMToestand"	"true"	"http://www.w3.org/2004/02/skos/core#"	"Concept"	"http://www.w3.org/2000/01/rdf-schema#Class"	""	""	""	""	""
"ENUMERATION"	"OSLO-Abstracten"	"KlAardingskabelSectie"	"{DF52BC6B-C90D-4fe4-BCD7-A3344C7C6C2C}"	""	""	""	""	"Aardingskabel sectie"	"Lijst met mogelijke waarden voor de sectie van een aardingskabel."	""	"Aardingskabel sectie"	"Lijst met mogelijke waarden voor de sectie van een aardingskabel."	""	"https://wegenenverkeer-test.data.vlaanderen.be/id/conceptscheme/KlAardingskabelSectie"	"true"	"http://www.w3.org/2004/02/skos/core#"	"Concept"	"http://www.w3.org/2000/01/rdf-schema#Class"	""	""	""	""	""
"ENUMERATION"	"OSLO-Installatie"	"KlAardingAardingsnet"	"{B21E1914-9A89-4a3e-919B-EEF51CEE3D94}"	""	""	""	""	"Aardingsinstallatie aardingsnet"	"Lijst van voorkomende types aardingsnet"	""	"Aardingsinstallatie aardingsnet"	"Lijst van voorkomende types aardingsnet"	""	"https://wegenenverkeer-test.data.vlaanderen.be/id/conceptscheme/KlAardingAardingsnet"	"true"	"http://www.w3.org/2004/02/skos/core#"	"Concept"	"http://www.w3.org/2000/01/rdf-schema#Class"	""	""	""	""	""
"ENUMERATION"	"OSLO-Installatie"	"KlAardingAardingsstelsel"	"{D65DE1E7-0A4D-4c5e-96E0-B0A638456EC3}"	""	""	""	""	"Aardingsinstallatie aardingsstelsel"	"Lijst van mogelijke aardinggsstelsels."	""	"Aardingsinstallatie aardingsstelsel"	"Lijst van mogelijke aardinggsstelsels."	""	"https://wegenenverkeer-test.data.vlaanderen.be/id/conceptscheme/KlAardingAardingsstelsel"	"true"	"http://www.w3.org/2004/02/skos/core#"	"Concept"	"http://www.w3.org/2000/01/rdf-schema#Class"	""	""	""	""	""
"ENUMERATION"	"OSLO-Implementatieelement"	"KlAlgMimeType"	"{9BCD2B4C-9CAB-4988-A052-6C4B006D450A}"	""	""	""	""	"Mimetype"	"De mime types van bestanden (AWVDocument) beperkt tot mime types voor toegelaten bestandstypen."	""	"Mimetype"	"De mime types van bestanden (AWVDocument) beperkt tot mime types voor toegelaten bestandstypen."	""	"https://wegenenverkeer-test.data.vlaanderen.be/id/conceptscheme/KlAlgMimeType"	"true"	"http://www.w3.org/2004/02/skos/core#"	"Concept"	"http://www.w3.org/2000/01/rdf-schema#Class"	""	""	""	""	""
"CLASS"	"OSLO-Onderdeel"	"HoortBij"	"{43B11E61-958D-4a8f-A983-3C012ACA45C0}"	""	""	""	""	"Hoort bij"	"De relatie geeft aan dat een onderdeel of collectie behoort bij, deel van of lid van een (andere) groep of collectie is."	""	"Hoort bij"	"De relatie geeft aan dat een onderdeel of collectie behoort bij, deel van of lid van een (andere) groep of collectie is."	""	""	"true"	"https://wegenenverkeer-test.data.vlaanderen.be/ns/onderdeel#"	"HoortBij"	"http://www.w3.org/2000/01/rdf-schema#Class"	""	""	"https://wegenenverkeer-test.data.vlaanderen.be/ns/implementatieelement#DirectioneleRelatie"	""	""
"CLASS"	"OSLO-Onderdeel"	"Bevestiging"	"{851E2395-627F-4352-8324-2E91CD6B80DE}"	""	""	""	""	"Bevestiging"	"Deze relatie geeft aan dat twee onderdelen direct fysiek op elkaar bevestigd zijn. Dit kan zowel aan de buitenkant als aan de binnenkant zijn zoals bv. een camera aan een paal of een laagspanningsbord in een kast. Deze relatie heeft geen richting."	""	"Bevestiging"	"Deze relatie geeft aan dat twee onderdelen direct fysiek op elkaar bevestigd zijn. Dit kan zowel aan de buitenkant als aan de binnenkant zijn zoals bv. een camera aan een paal of een laagspanningsbord in een kast. Deze relatie heeft geen richting."	""	""	"true"	"https://wegenenverkeer-test.data.vlaanderen.be/ns/onderdeel#"	"Bevestiging"	"http://www.w3.org/2000/01/rdf-schema#Class"	""	""	"https://wegenenverkeer-test.data.vlaanderen.be/ns/implementatieelement#NietDirectioneleRelatie"	""	""
"attribute"	"OSLO-Onderdeel"	"isGeisoleerd"	"{AE0EFB14-279C-422d-BB9A-265BB28BE077}"	""	"Aardingskabel"	"{528E3742-F760-4bf0-8A5F-74E10B3D7704}"	"Boolean"	"is geïsoleerd"	"Geeft expliciet aan of de aardingskabel al dan niet geïsoleerd is. "	""	"is geïsoleerd"	"Geeft expliciet aan of de aardingskabel al dan niet geïsoleerd is. "	""	""	"true"	"https://wegenenverkeer-test.data.vlaanderen.be/ns/onderdeel#"	"Aardingskabel.isGeisoleerd"	"http://www.w3.org/2002/07/owl#DatatypeProperty"	"https://wegenenverkeer-test.data.vlaanderen.be/ns/onderdeel#Aardingskabel"	"http://www.w3.org/2001/XMLSchema#boolean"	""	"1"	"1"
"attribute"	"OSLO-Onderdeel"	"isGeisoleerd"	"{E5B0840A-3504-48c8-850B-1E331AFCDF91}"	""	"EquipotentiaalVerbinding"	"{934B51FF-2196-42b8-A270-340048A0D384}"	"Boolean"	"is geïsoleerd"	"Geeft expliciet aan of de aardingskabel al dan niet geïsoleerd is. "	""	"is geïsoleerd"	"Geeft expliciet aan of de aardingskabel al dan niet geïsoleerd is. "	""	""	"true"	"https://wegenenverkeer-test.data.vlaanderen.be/ns/onderdeel#"	"EquipotentiaalVerbinding.isGeisoleerd"	"http://www.w3.org/2002/07/owl#DatatypeProperty"	"https://wegenenverkeer-test.data.vlaanderen.be/ns/onderdeel#EquipotentiaalVerbinding"	"http://www.w3.org/2001/XMLSchema#boolean"	""	"1"	"1"
"attribute"	"OSLO-Onderdeel"	"lengte"	"{E8C40BB6-6898-4323-BBF9-9C6B7EF71DAD}"	""	"Aardingspen"	"{77983553-F4D5-4ad2-A300-FF4683FF34C5}"	"KwantWrdInCentimeter"	"lengte"	"De totale lengte van de aardingspen."	""	"lengte"	"De totale lengte van de aardingspen."	""	""	"true"	"https://wegenenverkeer-test.data.vlaanderen.be/ns/onderdeel#"	"Aardingspen.lengte"	"http://www.w3.org/2002/07/owl#ObjectProperty"	"https://wegenenverkeer-test.data.vlaanderen.be/ns/onderdeel#Aardingspen"	"https://wegenenverkeer-test.data.vlaanderen.be/ns/implementatieelement#KwantWrdInCentimeter"	""	"1"	"1"
"attribute"	"OSLO-Installatie"	"aardingsnet"	"{AFF98DCC-891D-4ae5-97B4-BDAF426D39EE}"	""	"Aardingsinstallatie"	"{F5C4300F-498E-46a1-809B-BE616B63481E}"	"KlAardingAardingsnet"	"aardingsnet"	"De manier waarop respectievelijk de bron en de verbruiker met de aarde verbonden worden om op die manier foutstromen af te voeren."	""	"aardingsnet"	"De manier waarop respectievelijk de bron en de verbruiker met de aarde verbonden worden om op die manier foutstromen af te voeren."	""	""	"true"	"https://wegenenverkeer-test.data.vlaanderen.be/ns/installatie#"	"Aardingsinstallatie.aardingsnet"	"http://www.w3.org/2002/07/owl#ObjectProperty"	"https://wegenenverkeer-test.data.vlaanderen.be/ns/installatie#Aardingsinstallatie"	"http://www.w3.org/2004/02/skos/core#Concept"	""	"1"	"1"
"attribute"	"OSLO-Installatie"	"aardingsstelsel"	"{BED31779-268D-4532-9E7F-B03F159B46D6}"	""	"Aardingsinstallatie"	"{F5C4300F-498E-46a1-809B-BE616B63481E}"	"DtcAardingsstelsel"	"aardingsstelsel"	"De wijze waarop verschillende aardingen (bv. laagspanningsaarding, nulpuntsaarding, hoogspanningsaarding) zich t.o.v. elkaar bevinden: ofwel bevinden alle aardingen zich uit elkaars invloedssfeer en hebben ze geen impact op elkaars potentiaal ofwel zijn alle aardverbindingen galvanisch met elkaar in contact. In het eerste geval spreekt men van gescheiden aardingsstelsel, in het tweede geval van een globale aarding."	""	"aardingsstelsel"	"De wijze waarop verschillende aardingen (bv. laagspanningsaarding, nulpuntsaarding, hoogspanningsaarding) zich t.o.v. elkaar bevinden: ofwel bevinden alle aardingen zich uit elkaars invloedssfeer en hebben ze geen impact op elkaars potentiaal ofwel zijn alle aardverbindingen galvanisch met elkaar in contact. In het eerste geval spreekt men van gescheiden aardingsstelsel, in het tweede geval van een globale aarding."	""	""	"true"	"https://wegenenverkeer-test.data.vlaanderen.be/ns/installatie#"	"Aardingsinstallatie.aardingsstelsel"	"http://www.w3.org/2002/07/owl#ObjectProperty"	"https://wegenenverkeer-test.data.vlaanderen.be/ns/installatie#Aardingsinstallatie"	"https://wegenenverkeer-test.data.vlaanderen.be/ns/installatie#DtcAardingsstelsel"	""	"1"	"1"
"attribute"	"OSLO-Installatie"	"aardingsweerstand"	"{23C5C08C-9EDF-47a0-959D-CFCF48B0E6A4}"	""	"Aardingsinstallatie"	"{F5C4300F-498E-46a1-809B-BE616B63481E}"	"KwantWrdInOhm"	"aardingsweerstand"	"De grootte van de weerstand tussen de aardelektrode en de omringende grond."	""	"aardingsweerstand"	"De grootte van de weerstand tussen de aardelektrode en de omringende grond."	""	""	"true"	"https://wegenenverkeer-test.data.vlaanderen.be/ns/installatie#"	"Aardingsinstallatie.aardingsweerstand"	"http://www.w3.org/2002/07/owl#ObjectProperty"	"https://wegenenverkeer-test.data.vlaanderen.be/ns/installatie#Aardingsinstallatie"	"https://wegenenverkeer-test.data.vlaanderen.be/ns/implementatieelement#KwantWrdInOhm"	""	"1"	"1"
"attribute"	"OSLO-Implementatieelement"	"naam"	"{D38DAFC2-1A8A-4612-9A83-27D87EE844B6}"	""	"AIMNaamObject"	"{D59E256E-CE07-4237-8AA7-1787263D9B99}"	"String"	"naam"	"De mensleesbare naam van een asset zoals dit bv. ook terug te vinden is op een etiket op het object zelf. De assetbeheerder kent deze naam toe of geeft de opdracht om deze toe te kennen. Indien een object een algemeen gangbare naam heeft zoals bv. bij een waterloop dan wordt deze gebruikt."	""	"naam"	"De mensleesbare naam van een asset zoals dit bv. ook terug te vinden is op een etiket op het object zelf. De assetbeheerder kent deze naam toe of geeft de opdracht om deze toe te kennen. Indien een object een algemeen gangbare naam heeft zoals bv. bij een waterloop dan wordt deze gebruikt."	""	""	"true"	"https://wegenenverkeer-test.data.vlaanderen.be/ns/implementatieelement#"	"AIMNaamObject.naam"	"http://www.w3.org/2002/07/owl#DatatypeProperty"	"https://wegenenverkeer-test.data.vlaanderen.be/ns/implementatieelement#AIMNaamObject"	"http://www.w3.org/2001/XMLSchema#string"	""	"1"	"1"
"attribute"	"OSLO-Implementatieelement"	"assetId"	"{E13E10BF-842E-4f7d-BA3D-DF3454B4B00C}"	""	"AIMObject"	"{1944BCBC-71F3-4d6b-BE2C-8277E513063B}"	"DtcIdentificator"	"asset-id"	"Unieke identificatie van de asset zoals toegekend door de assetbeheerder of n.a.v. eerste aanlevering door de leverancier."	""	"asset-id"	"Unieke identificatie van de asset zoals toegekend door de assetbeheerder of n.a.v. eerste aanlevering door de leverancier."	""	""	"true"	"https://wegenenverkeer-test.data.vlaanderen.be/ns/implementatieelement#"	"AIMObject.assetId"	"http://www.w3.org/2002/07/owl#ObjectProperty"	"https://wegenenverkeer-test.data.vlaanderen.be/ns/implementatieelement#AIMObject"	"https://wegenenverkeer-test.data.vlaanderen.be/ns/implementatieelement#DtcIdentificator"	""	"1"	"1"
"attribute"	"OSLO-Implementatieelement"	"notitie"	"{0AAE49AD-A4C6-4106-989A-3797A68AA3AC}"	""	"AIMObject"	"{1944BCBC-71F3-4d6b-BE2C-8277E513063B}"	"String"	"notitie"	"Extra notitie voor het object."	""	"notitie"	"Extra notitie voor het object."	""	""	"true"	"https://wegenenverkeer-test.data.vlaanderen.be/ns/implementatieelement#"	"AIMObject.notitie"	"http://www.w3.org/2002/07/owl#DatatypeProperty"	"https://wegenenverkeer-test.data.vlaanderen.be/ns/implementatieelement#AIMObject"	"http://www.w3.org/2001/XMLSchema#string"	""	"1"	"1"
"attribute"	"OSLO-Implementatieelement"	"standaardBestekPostNummer"	"{98EB8FDC-1D70-48f7-AFA1-D58C1CD7079D}"	""	"AIMObject"	"{1944BCBC-71F3-4d6b-BE2C-8277E513063B}"	"String"	"standaardbestekpostnummer"	"Een verwijzing naar een postnummer uit het standaardbestek waar het object mee verband houdt. De notatie van het postnummer moet overeenkomen met de notatie die gebruikt is in de catalogi van standaardbestekken, bijvoorbeeld postnummer 0701.20404G."	""	"standaardbestekpostnummer"	"Een verwijzing naar een postnummer uit het standaardbestek waar het object mee verband houdt. De notatie van het postnummer moet overeenkomen met de notatie die gebruikt is in de catalogi van standaardbestekken, bijvoorbeeld postnummer 0701.20404G."	""	""	"true"	"https://wegenenverkeer-test.data.vlaanderen.be/ns/implementatieelement#"	"AIMObject.standaardBestekPostNummer"	"http://www.w3.org/2002/07/owl#DatatypeProperty"	"https://wegenenverkeer-test.data.vlaanderen.be/ns/implementatieelement#AIMObject"	"http://www.w3.org/2001/XMLSchema#string"	""	"1"	"*"
"attribute"	"OSLO-Implementatieelement"	"typeURI"	"{E7E606A0-59ED-4e55-8B4F-4631A8385E8A}"	""	"AIMObject"	"{1944BCBC-71F3-4d6b-BE2C-8277E513063B}"	"AnyURI"	"type URI"	"De URI van het object volgens https://www.w3.org/2001/XMLSchema#anyURI ."	""	"type URI"	"De URI van het object volgens https://www.w3.org/2001/XMLSchema#anyURI ."	""	""	"true"	"https://wegenenverkeer-test.data.vlaanderen.be/ns/implementatieelement#"	"AIMObject.typeURI"	"http://www.w3.org/2002/07/owl#ObjectProperty"	"https://wegenenverkeer-test.data.vlaanderen.be/ns/implementatieelement#AIMObject"	"http://www.w3.org/2001/XMLSchema#anyURI"	""	"1"	"1"
"attribute"	"OSLO-Implementatieelement"	"bestekPostNummer"	"{1A775EEF-E5AC-479c-B454-98CB523A77C3}"	""	"AIMObject"	"{1944BCBC-71F3-4d6b-BE2C-8277E513063B}"	"String"	"bestekpostnummer"	"Een verwijzing naar een postnummer uit het specifieke bestek waar het object mee verband houdt."	""	"bestekpostnummer"	"Een verwijzing naar een postnummer uit het specifieke bestek waar het object mee verband houdt."	""	""	"true"	"https://wegenenverkeer-test.data.vlaanderen.be/ns/implementatieelement#"	"AIMObject.bestekPostNummer"	"http://www.w3.org/2002/07/owl#DatatypeProperty"	"https://wegenenverkeer-test.data.vlaanderen.be/ns/implementatieelement#AIMObject"	"http://www.w3.org/2001/XMLSchema#string"	""	"1"	"*"
"attribute"	"OSLO-Implementatieelement"	"theoretischeLevensduur"	"{C4985D62-7661-43cc-8D21-8D93930E3C4E}"	""	"AIMObject"	"{1944BCBC-71F3-4d6b-BE2C-8277E513063B}"	"KwantWrdInMaand"	"theoretische levensduur"	" De levensduur in aantal maanden die theoretisch mag verwacht worden voor een object."	""	"theoretische levensduur"	" De levensduur in aantal maanden die theoretisch mag verwacht worden voor een object."	""	""	"true"	"https://wegenenverkeer-test.data.vlaanderen.be/ns/implementatieelement#"	"AIMObject.theoretischeLevensduur"	"http://www.w3.org/2002/07/owl#ObjectProperty"	"https://wegenenverkeer-test.data.vlaanderen.be/ns/implementatieelement#AIMObject"	"https://wegenenverkeer-test.data.vlaanderen.be/ns/implementatieelement#KwantWrdInMaand"	""	"1"	"1"
"attribute"	"OSLO-Implementatieelement"	"datumOprichtingObject"	"{B48EC43A-1CA8-4423-8A0E-0997D04C791D}"	""	"AIMObject"	"{1944BCBC-71F3-4d6b-BE2C-8277E513063B}"	"Date"	"datum oprichting object"	"Datum van de oprichting van het object."	""	"datum oprichting object"	"Datum van de oprichting van het object."	""	""	"true"	"https://wegenenverkeer-test.data.vlaanderen.be/ns/implementatieelement#"	"AIMObject.datumOprichtingObject"	"http://www.w3.org/2002/07/owl#DatatypeProperty"	"https://wegenenverkeer-test.data.vlaanderen.be/ns/implementatieelement#AIMObject"	"http://www.w3.org/2001/XMLSchema#date"	""	"1"	"1"
"attribute"	"OSLO-Implementatieelement"	"toestand"	"{ED02EE4F-0789-4fdb-AFD8-EE4263A2B150}"	""	"AIMToestand"	"{56AB9E47-A0BF-4e08-8CA5-0A50FB16E659}"	"KlAIMToestand"	"toestand"	"Geeft de actuele stand in de levenscyclus van het object."	""	"toestand"	"Geeft de actuele stand in de levenscyclus van het object."	""	""	"true"	"https://wegenenverkeer-test.data.vlaanderen.be/ns/implementatieelement#"	"AIMToestand.toestand"	"http://www.w3.org/2002/07/owl#ObjectProperty"	"https://wegenenverkeer-test.data.vlaanderen.be/ns/implementatieelement#AIMToestand"	"http://www.w3.org/2004/02/skos/core#Concept"	""	"1"	"1"
"attribute"	"OSLO-Implementatieelement"	"isActief"	"{A296BB66-5C08-4ea4-AFE9-88C29C598E08}"	""	"AIMDBStatus"	"{0316AD39-D9FC-435c-8260-8E166A969FA4}"	"Boolean"	"is actief"	"Geeft aan of het object actief kan gebruikt worden of (zacht) verwijderd is uit het asset beheer systeem."	""	"is actief"	"Geeft aan of het object actief kan gebruikt worden of (zacht) verwijderd is uit het asset beheer systeem."	""	""	"true"	"https://wegenenverkeer-test.data.vlaanderen.be/ns/implementatieelement#"	"AIMDBStatus.isActief"	"http://www.w3.org/2002/07/owl#DatatypeProperty"	"https://wegenenverkeer-test.data.vlaanderen.be/ns/implementatieelement#AIMDBStatus"	"http://www.w3.org/2001/XMLSchema#boolean"	""	"1"	"1"
"attribute"	"OSLO-Abstracten"	"buitenmantelDiameter"	"{7A6775DF-44B4-4b7c-BA17-223FB4799A2B}"	""	"KabelAarding"	"{FE7968A1-20C6-4c5b-AD4C-D3CBE750996A}"	"KwantWrdInMillimeter"	"buitenmantel diameter"	"De buitenste afmeting van de kabel in millimeter."	""	"buitenmantel diameter"	"De buitenste afmeting van de kabel in millimeter."	""	""	"true"	"https://wegenenverkeer-test.data.vlaanderen.be/ns/abstracten#"	"KabelAarding.buitenmantelDiameter"	"http://www.w3.org/2002/07/owl#ObjectProperty"	"https://wegenenverkeer-test.data.vlaanderen.be/ns/abstracten#KabelAarding"	"https://wegenenverkeer-test.data.vlaanderen.be/ns/implementatieelement#KwantWrdInMillimeter"	""	"1"	"1"
"attribute"	"OSLO-Abstracten"	"sectie"	"{C8740911-A156-424b-9943-916874204DD2}"	""	"KabelAardingSamenstelling"	"{E874BB76-8CB8-458b-8A35-203AB6117606}"	"KlAardingskabelSectie"	"sectie "	"Geeft de dikte van een kabel of pen voor aarding weer als oppervlakte van een doorsnede, uitgedrukt in mm²."	""	"sectie "	"Geeft de dikte van een kabel of pen voor aarding weer als oppervlakte van een doorsnede, uitgedrukt in mm²."	""	""	"true"	"https://wegenenverkeer-test.data.vlaanderen.be/ns/abstracten#"	"KabelAardingSamenstelling.sectie"	"http://www.w3.org/2002/07/owl#ObjectProperty"	"https://wegenenverkeer-test.data.vlaanderen.be/ns/abstracten#KabelAardingSamenstelling"	"http://www.w3.org/2004/02/skos/core#Concept"	""	"1"	"1"
"attribute"	"OSLO-Implementatieelement"	"identificator"	"{4ACC20DE-9FBD-4f83-92CE-D9F0279D270C}"	""	"DtcIdentificator"	"{0A270AE5-3C56-44b7-8B06-DBC66BD6EB66}"	"String"	"identificator"	"Een groep van tekens om een AIM object te identificeren of te benoemen."	""	"identificator"	"Een groep van tekens om een AIM object te identificeren of te benoemen."	""	""	"true"	"https://wegenenverkeer-test.data.vlaanderen.be/ns/implementatieelement#"	"DtcIdentificator.identificator"	"http://www.w3.org/2002/07/owl#DatatypeProperty"	"https://wegenenverkeer-test.data.vlaanderen.be/ns/implementatieelement#DtcIdentificator"	"http://www.w3.org/2001/XMLSchema#string"	""	"1"	"1"
"attribute"	"OSLO-Implementatieelement"	"toegekendDoor"	"{20530761-671C-4fcd-BD15-FC56B17563C5}"	""	"DtcIdentificator"	"{0A270AE5-3C56-44b7-8B06-DBC66BD6EB66}"	"String"	"toegekend door"	"Gegevens van de organisatie die de toekenning deed."	""	"toegekend door"	"Gegevens van de organisatie die de toekenning deed."	""	""	"true"	"https://wegenenverkeer-test.data.vlaanderen.be/ns/implementatieelement#"	"DtcIdentificator.toegekendDoor"	"http://www.w3.org/2002/07/owl#DatatypeProperty"	"https://wegenenverkeer-test.data.vlaanderen.be/ns/implementatieelement#DtcIdentificator"	"http://www.w3.org/2001/XMLSchema#string"	""	"1"	"1"
"attribute"	"OSLO-Implementatieelement"	"waarde"	"{4307590C-C0F9-441a-A45A-CB608DF66E90}"	""	"KwantWrdInMaand"	"{990EC4F9-55FF-4c9b-A8FC-BD28BA132D95}"	"NonNegativeInteger"	"waarde"	"Bevat een getal die bij het datatype hoort."	""	"waarde"	"Bevat een getal die bij het datatype hoort."	""	""	"true"	"https://wegenenverkeer-test.data.vlaanderen.be/ns/implementatieelement#"	"KwantWrdInMaand.waarde"	"http://www.w3.org/2002/07/owl#ObjectProperty"	"https://wegenenverkeer-test.data.vlaanderen.be/ns/implementatieelement#KwantWrdInMaand"	"http://www.w3.org/2001/XMLSchema#nonNegativeInteger"	""	"1"	"1"
"attribute"	"OSLO-Implementatieelement"	"standaardEenheid"	"{997A3636-F6EF-4f7b-98ED-0EE065DC0375}"	""	"KwantWrdInMaand"	"{990EC4F9-55FF-4c9b-A8FC-BD28BA132D95}"	"Literal"	"standaard eenheid"	"De standaard eenheid bij dit datatype is uitgedrukt in maand."	"""mo""^^cdt:ucumunit"	"standaard eenheid"	"De standaard eenheid bij dit datatype is uitgedrukt in maand."	""	""	"true"	"https://wegenenverkeer-test.data.vlaanderen.be/ns/implementatieelement#"	"KwantWrdInMaand.standaardEenheid"	"http://www.w3.org/2002/07/owl#DatatypeProperty"	"https://wegenenverkeer-test.data.vlaanderen.be/ns/implementatieelement#KwantWrdInMaand"	"http://www.w3.org/2000/01/rdf-schema#Literal"	""	"1"	"1"
"attribute"	"OSLO-Implementatieelement"	"waarde"	"{4EDB6CA4-780E-437e-97BA-A6B2EBB6C91F}"	""	"KwantWrdInMillimeter"	"{AE04A0C4-258A-4401-B823-305832B572AC}"	"Decimal"	"waarde"	"Bevat een getal die bij het datatype hoort."	""	"waarde"	"Bevat een getal die bij het datatype hoort."	""	""	"true"	"https://wegenenverkeer-test.data.vlaanderen.be/ns/implementatieelement#"	"KwantWrdInMillimeter.waarde"	"http://www.w3.org/2002/07/owl#ObjectProperty"	"https://wegenenverkeer-test.data.vlaanderen.be/ns/implementatieelement#KwantWrdInMillimeter"	"http://www.w3.org/2001/XMLSchema#decimal"	""	"1"	"1"
"attribute"	"OSLO-Implementatieelement"	"standaardEenheid"	"{D5BE3269-D8F1-4cb2-94F0-3D1DDEBFDAF6}"	""	"KwantWrdInMillimeter"	"{AE04A0C4-258A-4401-B823-305832B572AC}"	"Literal"	"standaard eenheid"	"De standaard eenheid bij dit datatype is uitgedrukt in millimeter."	"""mm""^^cdt:ucumunit"	"standaard eenheid"	"De standaard eenheid bij dit datatype is uitgedrukt in millimeter."	""	""	"true"	"https://wegenenverkeer-test.data.vlaanderen.be/ns/implementatieelement#"	"KwantWrdInMillimeter.standaardEenheid"	"http://www.w3.org/2002/07/owl#DatatypeProperty"	"https://wegenenverkeer-test.data.vlaanderen.be/ns/implementatieelement#KwantWrdInMillimeter"	"http://www.w3.org/2000/01/rdf-schema#Literal"	""	"1"	"1"
"attribute"	"OSLO-Implementatieelement"	"waarde"	"{D61A48E0-F569-419f-BEBE-0193CD3667DF}"	""	"KwantWrdInCentimeter"	"{4EDCC34B-4D09-4eac-9B1C-78B67973D1B1}"	"Decimal"	"waarde"	"Bevat een getal die bij het datatype hoort."	""	"waarde"	"Bevat een getal die bij het datatype hoort."	""	""	"true"	"https://wegenenverkeer-test.data.vlaanderen.be/ns/implementatieelement#"	"KwantWrdInCentimeter.waarde"	"http://www.w3.org/2002/07/owl#ObjectProperty"	"https://wegenenverkeer-test.data.vlaanderen.be/ns/implementatieelement#KwantWrdInCentimeter"	"http://www.w3.org/2001/XMLSchema#decimal"	""	"1"	"1"
"attribute"	"OSLO-Implementatieelement"	"standaardEenheid"	"{075696CA-326F-40c3-BC06-57746DAED95D}"	""	"KwantWrdInCentimeter"	"{4EDCC34B-4D09-4eac-9B1C-78B67973D1B1}"	"Literal"	"standaard eenheid"	"De standaard eenheid bij dit datatype is uitgedrukt in centimeter."	"""cm""^^cdt:ucumunit"	"standaard eenheid"	"De standaard eenheid bij dit datatype is uitgedrukt in centimeter."	""	""	"true"	"https://wegenenverkeer-test.data.vlaanderen.be/ns/implementatieelement#"	"KwantWrdInCentimeter.standaardEenheid"	"http://www.w3.org/2002/07/owl#DatatypeProperty"	"https://wegenenverkeer-test.data.vlaanderen.be/ns/implementatieelement#KwantWrdInCentimeter"	"http://www.w3.org/2000/01/rdf-schema#Literal"	""	"1"	"1"
"attribute"	"OSLO-Installatie"	"type"	"{09E2B691-94AC-43e1-9EAA-76E5CDCFA95A}"	""	"DtcAardingsstelsel"	"{A53A6A8D-E3DF-4172-AE29-9DBD83A5C2A1}"	"KlAardingAardingsstelsel"	"type"	"Geeft het type aan van het aardingsstelsel volgens een keuzelijst."	""	"type"	"Geeft het type aan van het aardingsstelsel volgens een keuzelijst."	""	""	"true"	"https://wegenenverkeer-test.data.vlaanderen.be/ns/installatie#"	"DtcAardingsstelsel.type"	"http://www.w3.org/2002/07/owl#ObjectProperty"	"https://wegenenverkeer-test.data.vlaanderen.be/ns/installatie#DtcAardingsstelsel"	"http://www.w3.org/2004/02/skos/core#Concept"	""	"1"	"1"
"attribute"	"OSLO-Installatie"	"attestDNB"	"{B863FDAC-6E2B-402f-A655-C7E0D9B9CA96}"	""	"DtcAardingsstelsel"	"{A53A6A8D-E3DF-4172-AE29-9DBD83A5C2A1}"	"DtcDocument"	"attest distributienetbeheerder"	"Een bestandsbijlage met het attest volgens het aardingsstelsel voorzien door de distributienetbeheerder ."	"Voor een globaal aardingsstelsel moet een attest voorzien worden zoniet moet er van uitgegaan worden dat het om een gescheiden stelsel gaat "	"attest distributienetbeheerder"	"Een bestandsbijlage met het attest volgens het aardingsstelsel voorzien door de distributienetbeheerder ."	""	""	"true"	"https://wegenenverkeer-test.data.vlaanderen.be/ns/installatie#"	"DtcAardingsstelsel.attestDNB"	"http://www.w3.org/2002/07/owl#ObjectProperty"	"https://wegenenverkeer-test.data.vlaanderen.be/ns/installatie#DtcAardingsstelsel"	"https://wegenenverkeer-test.data.vlaanderen.be/ns/implementatieelement#DtcDocument"	""	"1"	"1"
"attribute"	"OSLO-Implementatieelement"	"uri"	"{FBFCCD1B-4D6B-4ce7-B734-B50089EB189E}"	""	"DtcDocument"	"{441527E2-4B20-4bca-899E-9DC151A2A981}"	"AnyURI"	"uri"	"De verwijzing naar de bestandslocatie via een link. Bij lokale bestanden kan dit eventueel ook een pad zijn."	""	"uri"	"De verwijzing naar de bestandslocatie via een link. Bij lokale bestanden kan dit eventueel ook een pad zijn."	""	""	"true"	"https://wegenenverkeer-test.data.vlaanderen.be/ns/implementatieelement#"	"DtcDocument.uri"	"http://www.w3.org/2002/07/owl#ObjectProperty"	"https://wegenenverkeer-test.data.vlaanderen.be/ns/implementatieelement#DtcDocument"	"http://www.w3.org/2001/XMLSchema#anyURI"	""	"1"	"1"
"attribute"	"OSLO-Implementatieelement"	"bestandsnaam"	"{2A5CAB23-2365-440d-BF61-7B11FE9E6667}"	""	"DtcDocument"	"{441527E2-4B20-4bca-899E-9DC151A2A981}"	"String"	"bestandsnaam"	"De naam van het Document inclusief de bestandsextensie, van de naam gescheiden door een punt."	""	"bestandsnaam"	"De naam van het Document inclusief de bestandsextensie, van de naam gescheiden door een punt."	""	""	"true"	"https://wegenenverkeer-test.data.vlaanderen.be/ns/implementatieelement#"	"DtcDocument.bestandsnaam"	"http://www.w3.org/2002/07/owl#DatatypeProperty"	"https://wegenenverkeer-test.data.vlaanderen.be/ns/implementatieelement#DtcDocument"	"http://www.w3.org/2001/XMLSchema#string"	""	"1"	"1"
"attribute"	"OSLO-Implementatieelement"	"omschrijving"	"{5C16D5FD-6E52-4aef-8DFC-DB7F6B75C3EA}"	""	"DtcDocument"	"{441527E2-4B20-4bca-899E-9DC151A2A981}"	"DteTekstblok"	"omschrijving"	"Een korte toelichting over waar het document juist voor dient."	""	"omschrijving"	"Een korte toelichting over waar het document juist voor dient."	""	""	"true"	"https://wegenenverkeer-test.data.vlaanderen.be/ns/implementatieelement#"	"DtcDocument.omschrijving"	"http://www.w3.org/2002/07/owl#ObjectProperty"	"https://wegenenverkeer-test.data.vlaanderen.be/ns/implementatieelement#DtcDocument"	"https://wegenenverkeer-test.data.vlaanderen.be/ns/implementatieelement#DteTekstblok"	""	"1"	"1"
"attribute"	"OSLO-Implementatieelement"	"mimeType"	"{73212306-8ACB-4288-B334-C50C6BD530CC}"	""	"DtcDocument"	"{441527E2-4B20-4bca-899E-9DC151A2A981}"	"KlAlgMimeType"	"mime-type"	"Het MIME type van het document."	""	"mime-type"	"Het MIME type van het document."	""	""	"true"	"https://wegenenverkeer-test.data.vlaanderen.be/ns/implementatieelement#"	"DtcDocument.mimeType"	"http://www.w3.org/2002/07/owl#ObjectProperty"	"https://wegenenverkeer-test.data.vlaanderen.be/ns/implementatieelement#DtcDocument"	"http://www.w3.org/2004/02/skos/core#Concept"	""	"1"	"1"
"attribute"	"OSLO-Implementatieelement"	"waarde"	"{2F1C4D3D-BD0B-4e3f-B90B-C0CCB9C869D2}"	""	"DteTekstblok"	"{E5E67991-BD15-468d-A90F-26B3A0821EF1}"	"String"	"waarde"	"De string welke uit meerdere zinnen bestaat, en ook regeleindes kan bevatten. Een tekstblok bevat maximaal 65.000 karakters."	""	"waarde"	"De string welke uit meerdere zinnen bestaat, en ook regeleindes kan bevatten. Een tekstblok bevat maximaal 65.000 karakters."	""	""	"true"	"https://wegenenverkeer-test.data.vlaanderen.be/ns/implementatieelement#"	"DteTekstblok.waarde"	"http://www.w3.org/2002/07/owl#DatatypeProperty"	"https://wegenenverkeer-test.data.vlaanderen.be/ns/implementatieelement#DteTekstblok"	"http://www.w3.org/2001/XMLSchema#string"	""	"1"	"1"
"attribute"	"OSLO-Implementatieelement"	"waarde"	"{B037F9C9-4418-4051-850E-BA2C467DE147}"	""	"KwantWrdInOhm"	"{2DE9C1CE-5E58-452d-AEA3-A3B834433C8E}"	"Decimal"	"waarde"	"Bevat een getal die bij het datatype hoort."	""	"waarde"	"Bevat een getal die bij het datatype hoort."	""	""	"true"	"https://wegenenverkeer-test.data.vlaanderen.be/ns/implementatieelement#"	"KwantWrdInOhm.waarde"	"http://www.w3.org/2002/07/owl#ObjectProperty"	"https://wegenenverkeer-test.data.vlaanderen.be/ns/implementatieelement#KwantWrdInOhm"	"http://www.w3.org/2001/XMLSchema#decimal"	""	"1"	"1"
"attribute"	"OSLO-Implementatieelement"	"standaardEenheid"	"{F3DE607D-0A04-43ad-8572-98031DEE1809}"	""	"KwantWrdInOhm"	"{2DE9C1CE-5E58-452d-AEA3-A3B834433C8E}"	"Literal"	"standaard eenheid"	"De standaard eenheid bij dit datatype is uitgedrukt in ohm."	"""Ohm""^^cdt:ucumunit"	"standaard eenheid"	"De standaard eenheid bij dit datatype is uitgedrukt in ohm."	""	""	"true"	"https://wegenenverkeer-test.data.vlaanderen.be/ns/implementatieelement#"	"KwantWrdInOhm.standaardEenheid"	"http://www.w3.org/2002/07/owl#DatatypeProperty"	"https://wegenenverkeer-test.data.vlaanderen.be/ns/implementatieelement#KwantWrdInOhm"	"http://www.w3.org/2000/01/rdf-schema#Literal"	""	"1"	"1"
"attribute"	"OSLO-Implementatieelement"	"in ontwerp"	"{7BBCAD11-FC5C-49c9-A9A9-B3AD47B91F24}"	""	"KlAIMToestand"	"{116A7402-0B65-494f-933A-3BA3C29AB511}"	""	""	""	""	""	"TODO"	""	""	"true"	"https://wegenenverkeer-test.data.vlaanderen.be/ns/implementatieelement/KlAIMToestand/in "	"https://wegenenverkeer-test.data.vlaanderen.be/ns/implementatieelement/KlAIMToestand/in ontwerp"	"http://www.w3.org/2004/02/skos/core#Concept"	""	""	""	""	""
"attribute"	"OSLO-Implementatieelement"	"gepland"	"{8BEDEE30-B04E-449c-AFD1-4B7A7B79141A}"	""	"KlAIMToestand"	"{116A7402-0B65-494f-933A-3BA3C29AB511}"	""	""	""	""	""	"TODO"	""	""	"true"	"https://wegenenverkeer-test.data.vlaanderen.be/ns/implementatieelement/KlAIMToestand/"	"https://wegenenverkeer-test.data.vlaanderen.be/ns/implementatieelement/KlAIMToestand/gepland"	"http://www.w3.org/2004/02/skos/core#Concept"	""	""	""	""	""
"attribute"	"OSLO-Implementatieelement"	"in opbouw"	"{5C35490B-7C04-4295-A3F8-59B55DE611E7}"	""	"KlAIMToestand"	"{116A7402-0B65-494f-933A-3BA3C29AB511}"	""	""	""	""	""	"TODO"	""	""	"true"	"https://wegenenverkeer-test.data.vlaanderen.be/ns/implementatieelement/KlAIMToestand/in "	"https://wegenenverkeer-test.data.vlaanderen.be/ns/implementatieelement/KlAIMToestand/in opbouw"	"http://www.w3.org/2004/02/skos/core#Concept"	""	""	""	""	""
"attribute"	"OSLO-Implementatieelement"	"geannuleerd"	"{E65A56C5-009A-42f7-AA19-4AF3D8CE7923}"	""	"KlAIMToestand"	"{116A7402-0B65-494f-933A-3BA3C29AB511}"	""	""	""	""	""	"TODO"	""	""	"true"	"https://wegenenverkeer-test.data.vlaanderen.be/ns/implementatieelement/KlAIMToestand/"	"https://wegenenverkeer-test.data.vlaanderen.be/ns/implementatieelement/KlAIMToestand/geannuleerd"	"http://www.w3.org/2004/02/skos/core#Concept"	""	""	""	""	""
"attribute"	"OSLO-Implementatieelement"	"in gebruik"	"{BB42501D-7D95-42b9-A68B-AABF760BF635}"	""	"KlAIMToestand"	"{116A7402-0B65-494f-933A-3BA3C29AB511}"	""	""	""	""	""	"TODO"	""	""	"true"	"https://wegenenverkeer-test.data.vlaanderen.be/ns/implementatieelement/KlAIMToestand/in "	"https://wegenenverkeer-test.data.vlaanderen.be/ns/implementatieelement/KlAIMToestand/in gebruik"	"http://www.w3.org/2004/02/skos/core#Concept"	""	""	""	""	""
"attribute"	"OSLO-Implementatieelement"	"overgedragen"	"{87D6EF91-F909-4814-B480-C0A7DB2BA7DC}"	""	"KlAIMToestand"	"{116A7402-0B65-494f-933A-3BA3C29AB511}"	""	""	""	""	""	"TODO"	""	""	"true"	"https://wegenenverkeer-test.data.vlaanderen.be/ns/implementatieelement/KlAIMToestand/"	"https://wegenenverkeer-test.data.vlaanderen.be/ns/implementatieelement/KlAIMToestand/overgedragen"	"http://www.w3.org/2004/02/skos/core#Concept"	""	""	""	""	""
"attribute"	"OSLO-Implementatieelement"	"uit gebruik"	"{8ED0592B-BED2-48ba-B6E4-287D28D1ABA7}"	""	"KlAIMToestand"	"{116A7402-0B65-494f-933A-3BA3C29AB511}"	""	""	""	""	""	"TODO"	""	""	"true"	"https://wegenenverkeer-test.data.vlaanderen.be/ns/implementatieelement/KlAIMToestand/uit "	"https://wegenenverkeer-test.data.vlaanderen.be/ns/implementatieelement/KlAIMToestand/uit gebruik"	"http://www.w3.org/2004/02/skos/core#Concept"	""	""	""	""	""
"attribute"	"OSLO-Implementatieelement"	"verwijderd"	"{3C48C079-9AB2-40aa-955A-D361A55BEE9E}"	""	"KlAIMToestand"	"{116A7402-0B65-494f-933A-3BA3C29AB511}"	""	""	""	""	""	"TODO"	""	""	"true"	"https://wegenenverkeer-test.data.vlaanderen.be/ns/implementatieelement/KlAIMToestand/"	"https://wegenenverkeer-test.data.vlaanderen.be/ns/implementatieelement/KlAIMToestand/verwijderd"	"http://www.w3.org/2004/02/skos/core#Concept"	""	""	""	""	""
"attribute"	"OSLO-Abstracten"	"2.5 mm²"	"{2022D46B-CEE6-4895-BEF8-5D8BF626E637}"	""	"KlAardingskabelSectie"	"{DF52BC6B-C90D-4fe4-BCD7-A3344C7C6C2C}"	""	""	""	""	""	"TODO"	""	""	"true"	"https://wegenenverkeer-test.data.vlaanderen.be/ns/abstracten/KlAardingskabelSectie/2.5 mm²"	"https://wegenenverkeer-test.data.vlaanderen.be/ns/abstracten/KlAardingskabelSectie/2.5 mm²"	"http://www.w3.org/2004/02/skos/core#Concept"	""	""	""	""	""
"attribute"	"OSLO-Abstracten"	"4 mm²"	"{061D5697-7CE6-42e3-8CF4-E44D8DEF3719}"	""	"KlAardingskabelSectie"	"{DF52BC6B-C90D-4fe4-BCD7-A3344C7C6C2C}"	""	""	""	""	""	"TODO"	""	""	"true"	"https://wegenenverkeer-test.data.vlaanderen.be/ns/abstracten/KlAardingskabelSectie/4 mm²"	"https://wegenenverkeer-test.data.vlaanderen.be/ns/abstracten/KlAardingskabelSectie/4 mm²"	"http://www.w3.org/2004/02/skos/core#Concept"	""	""	""	""	""
"attribute"	"OSLO-Abstracten"	"6 mm²"	"{0A58DBE4-F078-438b-B6C0-858DECC3A5B3}"	""	"KlAardingskabelSectie"	"{DF52BC6B-C90D-4fe4-BCD7-A3344C7C6C2C}"	""	""	""	""	""	"TODO"	""	""	"true"	"https://wegenenverkeer-test.data.vlaanderen.be/ns/abstracten/KlAardingskabelSectie/6 mm²"	"https://wegenenverkeer-test.data.vlaanderen.be/ns/abstracten/KlAardingskabelSectie/6 mm²"	"http://www.w3.org/2004/02/skos/core#Concept"	""	""	""	""	""
"attribute"	"OSLO-Abstracten"	"10 mm²"	"{4DEF1031-5564-40bc-B04A-0F02A7485BDC}"	""	"KlAardingskabelSectie"	"{DF52BC6B-C90D-4fe4-BCD7-A3344C7C6C2C}"	""	""	""	""	""	"TODO"	""	""	"true"	"https://wegenenverkeer-test.data.vlaanderen.be/ns/abstracten/KlAardingskabelSectie/10 mm²"	"https://wegenenverkeer-test.data.vlaanderen.be/ns/abstracten/KlAardingskabelSectie/10 mm²"	"http://www.w3.org/2004/02/skos/core#Concept"	""	""	""	""	""
"attribute"	"OSLO-Abstracten"	"16 mm²"	"{4CCDCD76-7B20-43dc-AE48-66E9ECB690C1}"	""	"KlAardingskabelSectie"	"{DF52BC6B-C90D-4fe4-BCD7-A3344C7C6C2C}"	""	""	""	""	""	"TODO"	""	""	"true"	"https://wegenenverkeer-test.data.vlaanderen.be/ns/abstracten/KlAardingskabelSectie/16 mm²"	"https://wegenenverkeer-test.data.vlaanderen.be/ns/abstracten/KlAardingskabelSectie/16 mm²"	"http://www.w3.org/2004/02/skos/core#Concept"	""	""	""	""	""
"attribute"	"OSLO-Abstracten"	"25 mm²"	"{886A3E5C-A38F-4e6a-A0BA-671114A1414B}"	""	"KlAardingskabelSectie"	"{DF52BC6B-C90D-4fe4-BCD7-A3344C7C6C2C}"	""	""	""	""	""	"TODO"	""	""	"true"	"https://wegenenverkeer-test.data.vlaanderen.be/ns/abstracten/KlAardingskabelSectie/25 mm²"	"https://wegenenverkeer-test.data.vlaanderen.be/ns/abstracten/KlAardingskabelSectie/25 mm²"	"http://www.w3.org/2004/02/skos/core#Concept"	""	""	""	""	""
"attribute"	"OSLO-Abstracten"	"35 mm²"	"{6A600DF1-467D-441a-A885-B8C54BAB6F5F}"	""	"KlAardingskabelSectie"	"{DF52BC6B-C90D-4fe4-BCD7-A3344C7C6C2C}"	""	""	""	""	""	"TODO"	""	""	"true"	"https://wegenenverkeer-test.data.vlaanderen.be/ns/abstracten/KlAardingskabelSectie/35 mm²"	"https://wegenenverkeer-test.data.vlaanderen.be/ns/abstracten/KlAardingskabelSectie/35 mm²"	"http://www.w3.org/2004/02/skos/core#Concept"	""	""	""	""	""
"attribute"	"OSLO-Abstracten"	"50 mm²"	"{65635610-2159-4f6f-8836-388F15FFF58E}"	""	"KlAardingskabelSectie"	"{DF52BC6B-C90D-4fe4-BCD7-A3344C7C6C2C}"	""	""	""	""	""	"TODO"	""	""	"true"	"https://wegenenverkeer-test.data.vlaanderen.be/ns/abstracten/KlAardingskabelSectie/50 mm²"	"https://wegenenverkeer-test.data.vlaanderen.be/ns/abstracten/KlAardingskabelSectie/50 mm²"	"http://www.w3.org/2004/02/skos/core#Concept"	""	""	""	""	""
"attribute"	"OSLO-Installatie"	"TT"	"{1FF5E2CE-119A-48c3-B0B2-926B124DDD1A}"	""	"KlAardingAardingsnet"	"{B21E1914-9A89-4a3e-919B-EEF51CEE3D94}"	""	""	""	""	""	"TODO"	""	""	"true"	"https://wegenenverkeer-test.data.vlaanderen.be/ns/installatie/KlAardingAardingsnet/"	"https://wegenenverkeer-test.data.vlaanderen.be/ns/installatie/KlAardingAardingsnet/TT"	"http://www.w3.org/2004/02/skos/core#Concept"	""	""	""	""	""
"attribute"	"OSLO-Installatie"	"IT"	"{BF725E6B-1339-4561-BDD2-533421E7D6E4}"	""	"KlAardingAardingsnet"	"{B21E1914-9A89-4a3e-919B-EEF51CEE3D94}"	""	""	""	""	""	"TODO"	""	""	"true"	"https://wegenenverkeer-test.data.vlaanderen.be/ns/installatie/KlAardingAardingsnet/"	"https://wegenenverkeer-test.data.vlaanderen.be/ns/installatie/KlAardingAardingsnet/IT"	"http://www.w3.org/2004/02/skos/core#Concept"	""	""	""	""	""
"attribute"	"OSLO-Installatie"	"TNS"	"{EEBE02BB-2D5D-46f5-B5E3-23658A0874AC}"	""	"KlAardingAardingsnet"	"{B21E1914-9A89-4a3e-919B-EEF51CEE3D94}"	""	""	""	""	""	"TODO"	""	""	"true"	"https://wegenenverkeer-test.data.vlaanderen.be/ns/installatie/KlAardingAardingsnet/"	"https://wegenenverkeer-test.data.vlaanderen.be/ns/installatie/KlAardingAardingsnet/TNS"	"http://www.w3.org/2004/02/skos/core#Concept"	""	""	""	""	""
"attribute"	"OSLO-Installatie"	"TNC"	"{38A75CA2-17CE-4705-971E-5046D80389ED}"	""	"KlAardingAardingsnet"	"{B21E1914-9A89-4a3e-919B-EEF51CEE3D94}"	""	""	""	""	""	"TODO"	""	""	"true"	"https://wegenenverkeer-test.data.vlaanderen.be/ns/installatie/KlAardingAardingsnet/"	"https://wegenenverkeer-test.data.vlaanderen.be/ns/installatie/KlAardingAardingsnet/TNC"	"http://www.w3.org/2004/02/skos/core#Concept"	""	""	""	""	""
"attribute"	"OSLO-Installatie"	"TNCS"	"{42D278E4-FFF8-46d4-BB20-6E746C51298F}"	""	"KlAardingAardingsnet"	"{B21E1914-9A89-4a3e-919B-EEF51CEE3D94}"	""	""	""	""	""	"TODO"	""	""	"true"	"https://wegenenverkeer-test.data.vlaanderen.be/ns/installatie/KlAardingAardingsnet/"	"https://wegenenverkeer-test.data.vlaanderen.be/ns/installatie/KlAardingAardingsnet/TNCS"	"http://www.w3.org/2004/02/skos/core#Concept"	""	""	""	""	""
"attribute"	"OSLO-Installatie"	"TNS-TNCS"	"{DEBD3656-751A-417f-89F1-89BEB68BA28B}"	""	"KlAardingAardingsnet"	"{B21E1914-9A89-4a3e-919B-EEF51CEE3D94}"	""	""	""	""	""	"TODO"	""	""	"true"	"https://wegenenverkeer-test.data.vlaanderen.be/ns/installatie/KlAardingAardingsnet/"	"https://wegenenverkeer-test.data.vlaanderen.be/ns/installatie/KlAardingAardingsnet/TNS-TNCS"	"http://www.w3.org/2004/02/skos/core#Concept"	""	""	""	""	""
"attribute"	"OSLO-Installatie"	"gescheiden"	"{C50AFB1C-6D92-408b-9B5A-4F1E9CD1AEF4}"	""	"KlAardingAardingsstelsel"	"{D65DE1E7-0A4D-4c5e-96E0-B0A638456EC3}"	""	""	""	""	""	"TODO"	""	""	"true"	"https://wegenenverkeer-test.data.vlaanderen.be/ns/installatie/KlAardingAardingsstelsel/"	"https://wegenenverkeer-test.data.vlaanderen.be/ns/installatie/KlAardingAardingsstelsel/gescheiden"	"http://www.w3.org/2004/02/skos/core#Concept"	""	""	""	""	""
"attribute"	"OSLO-Installatie"	"gemeenschappelijk + globaal"	"{9C019A48-A82E-4849-86D2-35F0B4FB2D5B}"	""	"KlAardingAardingsstelsel"	"{D65DE1E7-0A4D-4c5e-96E0-B0A638456EC3}"	""	""	""	""	""	"TODO"	""	""	"true"	"https://wegenenverkeer-test.data.vlaanderen.be/ns/installatie/KlAardingAardingsstelsel/gemeenschappelijk + "	"https://wegenenverkeer-test.data.vlaanderen.be/ns/installatie/KlAardingAardingsstelsel/gemeenschappelijk + globaal"	"http://www.w3.org/2004/02/skos/core#Concept"	""	""	""	""	""
"attribute"	"OSLO-Installatie"	"gemeenschappelijk"	"{BA06BC33-F58D-4924-AFE3-84FEFAA8CC8B}"	""	"KlAardingAardingsstelsel"	"{D65DE1E7-0A4D-4c5e-96E0-B0A638456EC3}"	""	""	""	""	""	"TODO"	""	""	"true"	"https://wegenenverkeer-test.data.vlaanderen.be/ns/installatie/KlAardingAardingsstelsel/"	"https://wegenenverkeer-test.data.vlaanderen.be/ns/installatie/KlAardingAardingsstelsel/gemeenschappelijk"	"http://www.w3.org/2004/02/skos/core#Concept"	""	""	""	""	""
"attribute"	"OSLO-Implementatieelement"	"video-avi"	"{0C34E3DB-9410-4b19-B95D-404AC5E8E964}"	""	"KlAlgMimeType"	"{9BCD2B4C-9CAB-4988-A052-6C4B006D450A}"	""	""	""	""	""	"TODO"	""	""	"true"	"https://wegenenverkeer-test.data.vlaanderen.be/ns/implementatieelement/KlAlgMimeType/"	"https://wegenenverkeer-test.data.vlaanderen.be/ns/implementatieelement/KlAlgMimeType/video-avi"	"http://www.w3.org/2004/02/skos/core#Concept"	""	""	""	""	""
"attribute"	"OSLO-Implementatieelement"	"text-csv"	"{9919445E-7A80-41a9-BBC3-6A3D8CC52D61}"	""	"KlAlgMimeType"	"{9BCD2B4C-9CAB-4988-A052-6C4B006D450A}"	""	""	""	""	""	"TODO"	""	""	"true"	"https://wegenenverkeer-test.data.vlaanderen.be/ns/implementatieelement/KlAlgMimeType/"	"https://wegenenverkeer-test.data.vlaanderen.be/ns/implementatieelement/KlAlgMimeType/text-csv"	"http://www.w3.org/2004/02/skos/core#Concept"	""	""	""	""	""
"attribute"	"OSLO-Implementatieelement"	"application-vnd.openxmlformats-officedocument.wordprocessingml.document"	"{FFC65031-9A78-499e-AF8F-86D00E36EFD9}"	""	"KlAlgMimeType"	"{9BCD2B4C-9CAB-4988-A052-6C4B006D450A}"	""	""	""	""	""	"TODO"	""	""	"true"	"https://wegenenverkeer-test.data.vlaanderen.be/ns/implementatieelement/KlAlgMimeType/"	"https://wegenenverkeer-test.data.vlaanderen.be/ns/implementatieelement/KlAlgMimeType/application-vnd.openxmlformats-officedocument.wordprocessingml.document"	"http://www.w3.org/2004/02/skos/core#Concept"	""	""	""	""	""
"attribute"	"OSLO-Implementatieelement"	"text-html"	"{6D6161F5-FCB6-4c28-A589-AAD718F79A19}"	""	"KlAlgMimeType"	"{9BCD2B4C-9CAB-4988-A052-6C4B006D450A}"	""	""	""	""	""	"TODO"	""	""	"true"	"https://wegenenverkeer-test.data.vlaanderen.be/ns/implementatieelement/KlAlgMimeType/"	"https://wegenenverkeer-test.data.vlaanderen.be/ns/implementatieelement/KlAlgMimeType/text-html"	"http://www.w3.org/2004/02/skos/core#Concept"	""	""	""	""	""
"attribute"	"OSLO-Implementatieelement"	"image-jpeg"	"{F1BCF1E4-2A9B-4bfd-BFB7-FAB134FF5D5E}"	""	"KlAlgMimeType"	"{9BCD2B4C-9CAB-4988-A052-6C4B006D450A}"	""	""	""	""	""	"TODO"	""	""	"true"	"https://wegenenverkeer-test.data.vlaanderen.be/ns/implementatieelement/KlAlgMimeType/"	"https://wegenenverkeer-test.data.vlaanderen.be/ns/implementatieelement/KlAlgMimeType/image-jpeg"	"http://www.w3.org/2004/02/skos/core#Concept"	""	""	""	""	""
"attribute"	"OSLO-Implementatieelement"	"application-pdf"	"{C4A6E2FF-E6BE-49d4-98BF-DFB2460616C3}"	""	"KlAlgMimeType"	"{9BCD2B4C-9CAB-4988-A052-6C4B006D450A}"	""	""	""	""	""	"TODO"	""	""	"true"	"https://wegenenverkeer-test.data.vlaanderen.be/ns/implementatieelement/KlAlgMimeType/"	"https://wegenenverkeer-test.data.vlaanderen.be/ns/implementatieelement/KlAlgMimeType/application-pdf"	"http://www.w3.org/2004/02/skos/core#Concept"	""	""	""	""	""
"attribute"	"OSLO-Implementatieelement"	"application-rtf"	"{D9ED4569-88A6-4d74-8708-1CAC50C96BD4}"	""	"KlAlgMimeType"	"{9BCD2B4C-9CAB-4988-A052-6C4B006D450A}"	""	""	""	""	""	"TODO"	""	""	"true"	"https://wegenenverkeer-test.data.vlaanderen.be/ns/implementatieelement/KlAlgMimeType/"	"https://wegenenverkeer-test.data.vlaanderen.be/ns/implementatieelement/KlAlgMimeType/application-rtf"	"http://www.w3.org/2004/02/skos/core#Concept"	""	""	""	""	""
"attribute"	"OSLO-Implementatieelement"	"image-tiff"	"{6FA9DD3E-4326-4122-8030-CA10B899BAB3}"	""	"KlAlgMimeType"	"{9BCD2B4C-9CAB-4988-A052-6C4B006D450A}"	""	""	""	""	""	"TODO"	""	""	"true"	"https://wegenenverkeer-test.data.vlaanderen.be/ns/implementatieelement/KlAlgMimeType/"	"https://wegenenverkeer-test.data.vlaanderen.be/ns/implementatieelement/KlAlgMimeType/image-tiff"	"http://www.w3.org/2004/02/skos/core#Concept"	""	""	""	""	""
"attribute"	"OSLO-Implementatieelement"	"application-vnd.openxmlformats-officedocument.spreadsheetml.sheet"	"{8E794137-21E7-4ed0-BD52-645B7892650E}"	""	"KlAlgMimeType"	"{9BCD2B4C-9CAB-4988-A052-6C4B006D450A}"	""	""	""	""	""	"TODO"	""	""	"true"	"https://wegenenverkeer-test.data.vlaanderen.be/ns/implementatieelement/KlAlgMimeType/"	"https://wegenenverkeer-test.data.vlaanderen.be/ns/implementatieelement/KlAlgMimeType/application-vnd.openxmlformats-officedocument.spreadsheetml.sheet"	"http://www.w3.org/2004/02/skos/core#Concept"	""	""	""	""	""
"attribute"	"OSLO-Implementatieelement"	"application-xml"	"{41FC7DE7-E2DF-4125-B50A-EFED62032A88}"	""	"KlAlgMimeType"	"{9BCD2B4C-9CAB-4988-A052-6C4B006D450A}"	""	""	""	""	""	"TODO"	""	""	"true"	"https://wegenenverkeer-test.data.vlaanderen.be/ns/implementatieelement/KlAlgMimeType/"	"https://wegenenverkeer-test.data.vlaanderen.be/ns/implementatieelement/KlAlgMimeType/application-xml"	"http://www.w3.org/2004/02/skos/core#Concept"	""	""	""	""	""
"attribute"	"OSLO-Implementatieelement"	"application-zip"	"{E075A95A-9402-41b7-874D-DEA9CC89ED3D}"	""	"KlAlgMimeType"	"{9BCD2B4C-9CAB-4988-A052-6C4B006D450A}"	""	""	""	""	""	"TODO"	""	""	"true"	"https://wegenenverkeer-test.data.vlaanderen.be/ns/implementatieelement/KlAlgMimeType/"	"https://wegenenverkeer-test.data.vlaanderen.be/ns/implementatieelement/KlAlgMimeType/application-zip"	"http://www.w3.org/2004/02/skos/core#Concept"	""	""	""	""	""
"attribute"	"OSLO-Implementatieelement"	"application-acad"	"{E78B1E33-930B-46f9-9590-325750CDA6A0}"	""	"KlAlgMimeType"	"{9BCD2B4C-9CAB-4988-A052-6C4B006D450A}"	""	""	""	""	""	"TODO"	""	""	"true"	"https://wegenenverkeer-test.data.vlaanderen.be/ns/implementatieelement/KlAlgMimeType/"	"https://wegenenverkeer-test.data.vlaanderen.be/ns/implementatieelement/KlAlgMimeType/application-acad"	"http://www.w3.org/2004/02/skos/core#Concept"	""	""	""	""	""
"attribute"	"OSLO-Implementatieelement"	"application-acadmap"	"{F119FA96-FA0B-4732-B0E7-796C998D9CE9}"	""	"KlAlgMimeType"	"{9BCD2B4C-9CAB-4988-A052-6C4B006D450A}"	""	""	""	""	""	"TODO"	""	""	"true"	"https://wegenenverkeer-test.data.vlaanderen.be/ns/implementatieelement/KlAlgMimeType/"	"https://wegenenverkeer-test.data.vlaanderen.be/ns/implementatieelement/KlAlgMimeType/application-acadmap"	"http://www.w3.org/2004/02/skos/core#Concept"	""	""	""	""	""
"attribute"	"OSLO-Implementatieelement"	"text-rtf"	"{CA431C6F-9A0A-4420-AE95-C77FAC371127}"	""	"KlAlgMimeType"	"{9BCD2B4C-9CAB-4988-A052-6C4B006D450A}"	""	""	""	""	""	"TODO"	""	""	"true"	"https://wegenenverkeer-test.data.vlaanderen.be/ns/implementatieelement/KlAlgMimeType/"	"https://wegenenverkeer-test.data.vlaanderen.be/ns/implementatieelement/KlAlgMimeType/text-rtf"	"http://www.w3.org/2004/02/skos/core#Concept"	""	""	""	""	""
"attribute"	"OSLO-Implementatieelement"	"text-xml"	"{F9E5A17E-1A5F-400f-91F2-DCBB0B8D3FC0}"	""	"KlAlgMimeType"	"{9BCD2B4C-9CAB-4988-A052-6C4B006D450A}"	""	""	""	""	""	"TODO"	""	""	"true"	"https://wegenenverkeer-test.data.vlaanderen.be/ns/implementatieelement/KlAlgMimeType/"	"https://wegenenverkeer-test.data.vlaanderen.be/ns/implementatieelement/KlAlgMimeType/text-xml"	"http://www.w3.org/2004/02/skos/core#Concept"	""	""	""	""	""
"attribute"	"OSLO-Implementatieelement"	"image-dxf"	"{A9772366-B299-440a-BED4-6E271B375CFE}"	""	"KlAlgMimeType"	"{9BCD2B4C-9CAB-4988-A052-6C4B006D450A}"	""	""	""	""	""	"TODO"	""	""	"true"	"https://wegenenverkeer-test.data.vlaanderen.be/ns/implementatieelement/KlAlgMimeType/"	"https://wegenenverkeer-test.data.vlaanderen.be/ns/implementatieelement/KlAlgMimeType/image-dxf"	"http://www.w3.org/2004/02/skos/core#Concept"	""	""	""	""	""
"attribute"	"OSLO-Implementatieelement"	"image-svg"	"{D54F39B4-CCB1-47b7-9C6F-F03472CF56AD}"	""	"KlAlgMimeType"	"{9BCD2B4C-9CAB-4988-A052-6C4B006D450A}"	""	""	""	""	""	"TODO"	""	""	"true"	"https://wegenenverkeer-test.data.vlaanderen.be/ns/implementatieelement/KlAlgMimeType/"	"https://wegenenverkeer-test.data.vlaanderen.be/ns/implementatieelement/KlAlgMimeType/image-svg"	"http://www.w3.org/2004/02/skos/core#Concept"	""	""	""	""	""
